Problem,Result,Time(s),Facility Status,Customer Status
p1,9075,0.729,1 1 1 1 1 1 1 0 1 1 ,2 8 1 6 3 8 2 4 4 1 9 8 0 2 8 3 4 0 9 4 3 2 6 4 2 5 1 5 0 5 2 6 0 3 9 4 4 3 0 4 1 8 1 5 4 0 4 0 4 0 
p2,8315,0.685,1 1 1 1 1 1 1 1 1 0 ,2 8 1 6 1 8 2 4 4 5 4 8 3 2 0 3 4 0 6 7 3 7 6 4 2 5 1 5 0 1 2 6 0 3 4 4 4 3 0 4 1 8 1 5 7 0 4 0 4 0 
p3,10076,0.684,1 1 1 1 1 1 1 0 1 1 ,8 2 1 6 3 8 2 4 4 1 9 0 3 2 0 3 2 8 9 4 3 4 6 4 2 5 1 5 0 5 2 6 0 3 9 4 4 3 0 4 1 0 1 5 4 0 4 0 4 0 
p4,12485,0.694,1 1 1 1 1 1 1 1 1 1 ,2 2 1 6 3 0 2 4 4 1 9 8 3 2 0 0 2 0 9 7 3 8 6 4 2 5 1 5 0 5 2 6 0 3 9 4 4 3 8 4 1 8 1 5 7 0 4 0 4 0 
p5,9571,0.786,1 1 1 1 1 1 1 1 1 1 ,0 2 1 6 3 8 2 4 4 1 9 8 3 2 8 3 2 8 9 7 3 8 6 4 5 5 1 5 0 5 9 6 0 3 9 4 4 3 8 4 1 8 1 5 7 0 2 0 4 0 
p6,8805,0.846,1 1 1 1 1 1 1 1 1 1 ,8 8 1 6 3 3 2 4 4 1 7 8 3 2 8 3 7 0 9 7 1 2 6 4 2 5 1 5 0 5 2 6 0 3 9 4 4 3 0 2 1 8 1 5 7 0 4 0 4 3 
p7,10299,0.868,1 1 1 1 1 1 0 1 1 1 ,8 8 1 2 3 8 2 4 2 5 9 3 0 2 8 3 4 0 9 7 3 8 9 4 2 5 1 5 0 5 2 5 0 3 9 4 7 3 8 4 1 8 1 5 7 0 4 0 4 0 
p8,12277,0.748,1 1 1 1 1 1 1 1 1 1 ,8 2 1 6 3 8 2 4 7 1 9 8 3 2 0 3 2 8 9 7 3 8 6 4 5 5 1 5 0 5 2 6 0 3 9 4 4 3 0 4 1 8 1 5 7 0 9 0 4 0 
p9,8997,0.823,1 1 0 1 1 1 1 1 1 1 ,8 8 1 6 3 8 3 4 4 1 9 8 3 4 8 3 4 0 9 7 3 8 6 4 5 5 1 5 0 5 9 6 0 3 9 4 4 3 0 4 1 8 1 5 7 0 4 0 4 0 
p10,7909,0.728,1 1 1 1 1 1 1 1 1 1 ,8 8 1 6 3 8 2 4 4 1 9 8 3 2 8 1 4 0 9 7 3 8 6 4 2 5 1 5 0 5 2 6 0 3 9 4 4 3 0 4 1 8 1 5 7 0 4 0 4 0 
p11,9801,0.733,1 1 1 1 1 1 1 1 1 0 ,8 8 1 6 3 8 4 4 4 1 4 8 0 2 8 3 2 0 6 7 3 8 6 4 2 5 1 5 0 5 2 6 0 3 4 4 4 3 0 4 1 8 1 5 7 0 4 0 7 0 
p12,11479,0.779,1 1 1 1 1 1 1 0 1 1 ,8 8 1 6 3 8 2 4 4 1 9 8 3 2 8 3 4 0 9 4 3 8 6 9 2 5 1 5 0 5 2 6 0 3 9 4 4 3 0 4 1 8 1 5 4 0 4 0 4 0 
p13,10908,0.839,0 1 1 1 1 1 1 0 0 0 1 0 1 0 1 0 1 0 0 1 ,10 1 10 10 12 19 3 5 12 4 16 2 1 6 2 12 5 10 4 6 12 5 5 19 6 4 16 3 3 4 2 14 2 16 3 10 3 19 19 2 6 16 5 16 3 5 14 10 19 6 
p14,8734,0.714,1 1 0 1 1 1 1 1 0 0 1 0 0 0 1 0 0 0 1 1 ,0 1 10 10 1 18 3 18 7 4 0 4 19 6 18 3 18 10 4 6 14 5 5 19 6 4 0 3 1 4 18 7 18 0 3 10 3 19 19 18 6 0 5 7 3 5 14 10 19 6 
p15,11425,0.877,1 1 1 1 0 0 0 0 0 1 1 0 0 1 1 0 1 0 1 1 ,0 3 10 10 19 18 3 13 14 3 16 19 2 10 13 3 16 14 1 9 18 18 0 19 9 1 16 1 1 3 13 14 2 16 1 10 3 19 19 13 10 0 0 0 3 13 14 10 19 9 
p16,13689,0.765,1 1 1 1 0 1 1 0 0 1 0 0 0 0 1 0 0 1 0 1 ,9 1 0 6 1 1 17 2 14 1 14 19 1 6 2 3 5 14 19 9 1 5 5 19 6 17 0 17 1 17 2 14 2 5 3 6 3 19 19 2 6 0 0 5 3 5 14 6 19 9 
p17,10988,0.715,1 1 1 1 0 1 0 1 1 0 0 0 1 0 1 1 0 1 1 0 ,7 12 7 14 1 18 17 18 14 17 15 1 1 7 2 12 15 7 1 8 14 15 15 2 8 17 0 17 1 17 2 7 2 0 3 14 3 1 1 2 14 0 5 0 8 5 14 7 2 8 
p18,9066,0.705,1 1 0 1 0 0 0 1 0 0 1 1 0 1 1 1 0 1 0 1 ,0 1 7 10 1 15 3 13 15 17 15 1 1 10 14 3 15 7 17 3 14 7 15 19 10 1 0 17 1 17 13 7 13 0 3 10 11 19 19 13 10 0 15 0 11 13 14 10 19 11 
p19,11304,0.705,1 1 1 1 1 0 1 0 1 0 1 0 1 0 0 1 0 0 1 0 ,0 12 10 6 12 18 4 18 12 4 15 4 4 6 2 3 15 10 1 6 12 15 15 2 10 4 0 3 1 3 2 15 2 0 3 10 8 1 1 2 6 0 15 0 8 15 12 10 2 8 
p20,13196,0.714,0 1 0 0 1 0 0 1 0 0 1 0 1 1 1 0 1 0 0 1 ,16 12 10 16 19 12 1 13 12 4 7 4 19 10 13 12 7 7 4 10 12 7 7 19 14 4 16 4 1 4 13 7 13 16 1 14 1 19 19 13 10 16 14 16 12 13 14 10 19 10 
p21,10528,0.693,1 1 0 0 1 0 0 1 0 1 1 1 1 1 1 1 0 0 0 1 ,15 1 10 7 1 15 4 13 14 4 7 4 1 7 13 12 15 10 19 9 14 15 15 13 9 4 0 1 1 4 13 7 13 0 1 10 11 19 19 13 10 0 0 0 11 13 14 10 19 9 
p22,8991,0.697,1 0 1 1 1 1 1 1 0 1 0 0 1 0 1 1 0 1 1 1 ,0 3 7 7 19 18 3 18 12 17 5 4 19 6 2 3 15 14 4 9 12 15 15 19 9 17 0 17 3 17 2 7 2 0 3 6 3 19 19 2 6 0 5 0 3 5 14 6 19 9 
p23,11728,0.709,1 1 0 0 1 1 0 1 1 0 0 0 1 0 0 1 0 1 1 1 ,0 1 7 7 1 19 17 18 12 17 15 19 1 12 18 12 15 7 4 8 18 15 15 4 8 17 0 1 1 17 18 7 18 0 1 7 8 19 19 18 8 0 5 0 8 5 12 7 19 8 
p24,12707,0.738,0 0 0 0 1 0 0 1 0 0 1 0 1 1 1 1 1 1 0 1 ,16 14 10 10 12 12 17 13 14 17 7 4 17 7 13 12 15 10 4 10 12 7 15 19 10 17 16 17 12 17 13 7 13 16 12 10 17 19 19 13 14 16 15 16 12 13 14 10 19 10 
p25,17749,22.542,1 0 1 0 0 1 0 1 1 1 0 1 0 1 1 0 0 1 0 1 1 0 0 0 1 1 0 1 1 1 ,13 27 28 2 20 5 19 5 2 17 27 8 28 8 19 8 2 0 5 11 2 27 5 2 29 14 2 11 11 9 25 11 8 29 20 8 5 24 0 14 0 14 9 8 5 14 7 20 11 8 29 14 17 5 13 8 17 27 0 8 0 5 8 11 11 11 9 0 29 24 20 13 11 0 9 20 9 20 14 24 20 0 8 17 19 17 17 7 20 5 2 24 17 11 17 5 2 28 25 20 8 0 14 25 2 29 7 0 14 28 14 14 17 11 25 27 24 24 24 24 5 28 25 13 20 0 5 24 0 29 0 11 24 29 28 14 17 5 20 17 0 8 20 14 8 25 25 5 2 5 
p26,14127,21.382,1 0 1 0 0 1 0 1 1 1 0 1 0 1 1 0 0 1 0 0 1 0 0 0 1 1 0 0 0 1 ,20 11 8 14 8 5 14 9 14 0 24 8 14 8 17 14 17 2 29 0 14 0 29 2 5 8 2 24 5 24 5 25 8 25 20 20 24 9 0 17 0 2 24 13 24 14 9 13 11 8 29 8 14 5 20 13 2 25 11 14 0 5 8 0 11 11 9 0 9 24 13 14 11 0 24 8 24 20 14 9 20 7 20 17 25 17 17 0 8 29 2 9 17 11 7 9 2 17 25 13 8 17 14 25 2 29 7 11 14 8 14 14 2 11 11 25 24 24 24 24 5 8 11 13 8 0 5 24 0 25 0 11 24 5 20 14 7 5 20 17 0 8 20 14 8 25 25 5 2 5 
p27,18157,21.232,1 0 1 0 0 1 0 1 1 1 0 1 0 1 1 0 1 1 0 1 1 0 1 0 1 1 0 0 1 1 ,20 25 20 2 20 5 19 9 14 0 9 20 8 20 7 14 14 17 25 5 17 7 9 2 5 8 19 24 24 24 29 25 13 11 20 20 24 24 7 14 17 8 22 28 9 14 0 20 11 8 29 7 14 11 8 20 17 11 17 14 0 5 20 0 11 25 24 0 9 24 13 13 0 0 24 28 24 20 14 24 20 0 28 17 2 0 2 0 20 5 2 24 0 0 7 9 14 2 25 16 8 17 17 25 19 29 17 11 28 28 14 14 2 11 11 25 24 24 24 24 5 8 25 13 16 0 5 24 0 25 0 11 24 5 8 14 17 5 20 17 0 8 20 14 8 25 25 5 2 5 
p28,19894,22.447,1 0 1 0 0 1 0 1 1 1 0 1 0 1 1 0 0 1 0 0 1 0 0 0 1 1 0 1 1 0 ,20 11 13 2 20 5 14 24 14 17 9 20 8 20 7 14 0 17 5 0 14 0 5 2 5 8 0 5 5 24 27 25 20 25 20 20 24 9 25 14 0 14 5 28 24 14 0 8 0 28 25 14 14 5 20 13 17 27 0 14 17 25 8 27 11 25 24 0 27 9 8 13 11 7 24 20 9 20 28 24 20 7 8 17 17 17 7 7 20 27 2 24 0 11 17 5 2 2 25 20 8 17 14 25 2 11 7 11 28 28 14 14 2 0 0 25 24 24 24 24 5 8 25 13 8 0 5 9 0 25 0 11 24 25 8 14 17 5 20 17 0 8 20 14 8 25 25 5 2 5 
p29,16806,22.222,1 0 1 0 0 1 0 1 1 1 0 1 0 1 1 0 0 1 0 1 1 0 0 0 1 1 0 1 1 0 ,20 25 13 14 13 5 2 5 13 17 9 8 28 20 7 2 14 17 5 11 19 0 24 17 24 8 2 5 5 24 5 0 8 25 20 20 24 9 7 2 17 14 9 8 24 14 0 13 11 8 25 17 14 11 13 20 17 27 7 14 17 5 20 11 11 25 9 17 25 9 20 20 11 17 24 8 24 20 14 24 20 0 13 17 2 17 17 7 8 5 2 24 17 0 17 24 2 19 25 20 8 7 0 11 2 25 7 11 14 28 14 2 2 11 11 27 24 24 11 5 11 8 25 13 13 0 5 24 0 25 0 11 24 5 8 14 7 5 20 17 0 8 20 14 8 25 25 5 2 5 
p30,14157,22.233,1 0 1 0 0 1 0 1 1 1 0 1 0 1 1 0 0 1 0 0 1 0 0 0 1 1 0 0 1 1 ,20 11 13 2 28 11 14 24 14 17 9 8 28 20 2 8 14 0 0 11 14 0 9 17 24 8 2 24 5 9 29 0 20 25 14 20 24 9 17 2 0 8 9 14 24 17 11 13 11 8 29 14 14 11 8 20 17 11 7 14 0 11 20 0 11 11 24 0 29 24 20 13 11 17 24 20 9 8 2 9 20 7 13 0 17 17 17 7 20 5 2 24 17 0 7 9 2 2 25 13 28 0 17 25 2 29 7 11 14 28 14 17 2 11 11 25 24 24 24 24 5 8 25 13 8 0 5 9 0 25 0 11 24 5 8 14 17 5 20 17 0 8 20 14 8 25 25 5 2 5 
p31,19218,21.394,1 0 1 0 0 1 0 1 1 1 0 1 0 1 1 0 0 1 1 1 1 0 0 0 1 1 0 0 1 1 ,20 17 28 2 13 5 7 5 8 17 7 8 2 13 7 28 14 0 5 0 14 0 24 17 24 14 19 24 24 5 5 5 18 11 20 20 5 9 0 2 0 20 24 28 9 17 11 13 0 28 11 2 14 0 13 20 17 11 11 8 0 11 8 11 11 11 24 17 5 25 13 20 11 2 9 20 9 20 14 24 13 7 8 17 2 0 17 0 20 29 14 24 17 11 17 24 2 19 25 18 28 17 17 25 2 29 17 11 28 28 14 14 2 11 11 25 24 24 5 24 5 8 25 13 18 0 5 9 0 0 0 11 24 5 8 14 17 25 20 17 0 8 20 14 8 25 25 5 2 5 
p32,20900,21.284,1 0 1 0 0 1 0 1 1 1 0 1 0 1 1 0 0 1 0 1 1 0 0 0 1 1 0 1 1 0 ,28 11 13 0 14 5 11 24 19 17 25 20 28 20 19 14 7 17 5 11 2 0 9 17 27 8 19 5 5 9 25 5 14 25 8 20 5 9 11 14 0 14 24 28 5 14 7 8 7 8 25 7 14 11 13 8 17 27 2 14 0 5 20 27 0 11 24 0 9 5 20 20 11 0 24 8 24 20 19 24 20 7 20 17 19 17 17 7 20 25 2 24 7 11 7 24 2 19 25 13 8 0 17 11 2 11 17 11 14 28 14 14 2 11 11 25 24 24 24 24 5 8 25 20 8 0 5 24 0 25 0 11 24 5 8 14 17 25 20 17 0 8 20 14 8 25 25 5 2 5 
p33,16656,22.775,1 0 1 0 0 1 0 1 1 1 0 1 0 1 1 0 1 1 0 1 1 0 0 0 1 1 0 1 0 0 ,20 25 13 14 16 11 2 9 14 17 24 16 14 8 19 2 17 17 7 0 14 17 5 2 5 20 2 24 24 9 25 11 13 11 20 8 24 24 0 14 0 8 5 20 24 14 7 13 11 8 27 14 14 0 2 20 17 17 27 14 0 5 20 27 11 11 24 0 5 9 8 20 5 17 24 20 24 8 14 24 20 17 13 0 19 17 2 0 20 5 17 24 7 11 17 9 2 2 25 16 8 7 17 25 2 25 17 11 14 8 14 14 2 11 11 11 24 24 24 24 5 8 25 13 16 0 5 9 0 25 0 11 24 25 8 14 17 5 20 17 0 8 20 14 8 25 25 5 2 5 
p34,13515,21.741,1 0 1 0 0 1 1 1 1 0 0 1 0 0 1 0 0 1 0 1 1 0 0 0 1 1 0 0 0 1 ,20 11 8 14 20 0 19 24 14 17 5 14 20 20 19 8 17 0 25 11 14 7 25 2 5 8 19 24 24 5 25 11 20 25 20 20 24 24 0 14 0 14 5 14 24 14 7 8 11 14 5 14 14 11 6 20 17 11 0 17 0 24 20 25 0 25 24 0 24 5 20 6 11 17 24 8 5 20 14 5 20 0 20 17 17 17 17 17 20 5 2 29 17 11 17 29 2 17 25 6 8 17 17 25 2 29 0 11 14 8 14 19 2 11 11 25 24 24 24 24 5 8 25 20 2 11 5 24 0 29 0 11 24 5 8 14 0 5 20 17 0 8 20 14 8 25 25 5 2 5 
p35,16600,21.938,1 0 1 0 0 1 0 1 1 0 0 1 0 1 1 0 0 1 0 0 1 0 1 0 1 1 0 1 1 0 ,20 11 20 14 28 5 17 24 14 17 25 8 8 13 14 14 14 7 25 11 2 0 5 17 5 8 17 24 11 24 5 25 20 25 20 20 24 24 0 14 0 14 24 8 11 14 17 13 27 8 5 14 14 5 8 8 17 27 0 14 0 5 20 11 11 11 22 0 5 24 20 20 25 0 24 8 22 20 28 22 20 7 13 17 2 17 17 17 20 5 2 24 17 11 17 5 2 2 25 13 8 7 17 25 2 25 7 11 28 14 14 14 2 11 11 27 24 24 24 24 5 8 27 13 8 0 5 24 0 25 0 11 24 5 8 14 17 5 20 17 0 8 20 14 8 25 25 5 2 5 
p36,18175,21.688,1 0 1 0 0 1 0 1 1 1 0 1 0 0 1 0 0 1 0 0 1 0 0 0 1 1 0 0 0 1 ,20 25 8 0 8 5 17 24 14 0 9 20 8 20 17 14 14 17 25 0 2 7 24 17 5 8 17 24 9 24 29 11 20 11 20 20 24 24 0 14 17 14 24 8 24 14 0 20 11 20 5 14 14 5 20 8 17 11 0 17 0 5 8 0 0 11 9 0 24 24 14 20 11 17 24 8 24 20 2 24 20 7 8 17 17 17 2 0 20 29 17 24 17 0 17 24 2 2 25 20 8 7 17 25 2 29 7 11 14 8 14 14 2 11 11 25 24 24 24 24 5 8 25 20 8 0 5 5 0 25 0 11 24 5 8 14 17 5 20 17 0 8 20 14 8 25 25 5 2 5 
p37,16185,21.654,1 0 1 0 0 1 0 1 1 0 0 1 0 0 1 1 1 1 0 1 1 0 0 0 1 1 0 1 1 1 ,8 25 16 14 14 5 2 25 19 17 5 2 8 20 17 8 14 0 27 0 19 0 5 17 5 8 19 24 24 5 29 5 20 27 20 20 5 15 7 14 0 14 15 19 24 14 2 20 27 8 27 2 14 5 28 20 17 11 0 14 0 5 20 11 11 11 24 17 29 5 8 20 5 17 5 20 15 20 14 24 8 7 20 17 7 17 2 7 20 5 2 24 17 11 17 5 2 2 25 16 8 17 17 25 2 25 7 25 14 28 14 14 2 11 11 0 24 24 24 24 5 8 25 20 16 0 5 24 0 25 0 11 24 29 8 14 7 5 20 17 0 8 20 14 8 25 25 5 2 5 
p38,14266,21.716,1 0 1 0 1 1 0 1 1 0 0 1 0 1 1 1 0 1 0 1 1 0 0 0 1 1 0 0 0 1 ,13 11 13 14 11 5 17 5 19 17 5 8 8 20 17 14 14 17 5 0 14 4 29 19 25 20 2 24 25 5 5 11 20 5 20 20 5 15 0 17 0 14 5 8 24 0 4 20 11 20 5 2 14 5 20 13 17 7 11 14 0 24 20 11 11 11 25 0 5 29 13 13 5 17 24 8 24 20 14 5 8 7 20 0 17 17 0 4 20 5 17 24 17 0 17 24 2 2 29 13 8 17 17 25 0 29 17 11 14 8 14 14 2 11 11 29 24 15 24 24 5 8 25 13 8 7 5 24 7 25 0 11 24 5 8 14 7 5 20 17 0 8 20 14 8 25 25 5 2 5 
p39,17580,23.018,1 0 1 0 0 1 0 1 1 1 0 1 0 1 1 0 0 1 0 0 1 0 1 0 1 1 0 1 1 0 ,20 17 28 17 28 11 2 9 2 17 5 13 13 20 17 8 0 17 11 0 17 25 22 17 5 20 2 24 25 22 5 11 13 25 20 20 5 24 7 2 0 14 9 20 24 14 7 14 27 8 27 14 14 5 13 20 2 11 0 17 0 24 20 27 11 11 9 0 24 22 20 20 5 17 24 8 24 8 14 24 20 7 13 0 17 17 17 17 20 27 17 24 17 11 17 9 2 2 25 20 20 17 17 25 2 5 17 11 28 28 14 14 2 11 11 27 24 24 24 24 5 8 25 13 8 0 5 9 0 25 0 11 24 25 8 14 17 5 20 17 0 8 20 14 8 25 25 5 2 5 
p40,19662,22.774,1 0 1 0 0 1 0 1 1 0 0 1 0 1 1 0 0 1 0 1 1 0 0 0 1 1 0 0 1 1 ,8 17 13 2 14 5 19 5 17 17 5 20 13 20 19 8 14 17 25 0 2 7 25 2 24 20 19 24 5 5 11 11 20 25 20 20 24 25 0 2 0 8 24 28 24 14 0 13 25 8 29 2 14 11 8 20 14 11 0 14 0 5 20 0 0 11 24 0 5 5 8 13 0 17 24 8 24 20 14 24 20 7 13 17 19 0 0 11 20 29 2 24 17 11 17 5 14 19 29 13 8 17 14 25 19 29 17 11 14 8 14 14 2 11 11 25 24 24 24 24 5 8 25 13 8 0 5 24 0 25 0 11 24 5 8 14 17 5 20 17 0 8 20 14 8 25 25 5 2 5 
p41,7414,4.642,1 1 1 1 1 1 1 1 1 1 ,0 6 4 6 7 7 5 7 8 8 4 6 2 6 2 3 7 3 0 6 6 1 4 1 6 5 5 4 5 5 8 0 4 4 3 9 2 4 6 9 2 7 3 3 3 5 0 5 6 4 1 1 6 6 2 7 2 8 8 8 0 0 1 5 0 6 6 6 4 4 0 4 4 0 7 7 2 2 6 5 7 2 2 9 9 9 9 9 9 9 
p42,7991,3.052,1 1 1 1 0 1 0 0 1 1 1 1 1 0 1 1 0 0 1 1 ,12 10 11 9 15 18 0 3 2 1 11 18 19 10 19 15 0 3 14 14 5 11 9 11 12 8 11 2 2 3 1 19 19 14 14 10 10 0 18 0 1 3 3 12 9 5 8 19 15 15 1 1 1 3 2 5 2 14 14 14 11 11 3 3 11 3 0 15 19 15 10 18 19 19 19 18 18 18 19 19 
p43,8698,2.172,0 1 0 0 1 0 1 0 0 0 1 0 1 0 0 1 0 0 0 1 0 1 1 0 1 0 1 1 1 1 ,12 22 6 28 1 19 19 21 12 10 28 1 1 22 15 6 21 15 12 12 22 19 22 22 22 26 27 6 27 4 10 24 24 24 19 22 27 1 21 6 4 1 27 24 24 26 26 22 26 15 21 19 26 12 6 6 21 22 24 29 10 27 1 29 27 28 1 27 28 29 
p44,7188,4.422,1 1 1 1 1 1 1 1 1 1 ,4 4 4 4 4 4 4 4 0 0 0 0 0 0 6 0 1 1 1 7 1 1 6 2 2 2 2 2 2 2 2 3 3 3 3 3 3 3 3 3 4 0 1 1 2 8 7 5 9 7 7 6 5 5 8 8 7 7 9 5 5 5 9 3 0 6 6 8 1 5 4 7 9 7 7 8 6 6 5 8 7 9 9 9 9 9 6 5 7 5 
p45,8551,3.394,1 1 0 1 1 1 0 1 1 0 1 1 0 1 0 1 0 1 1 0 ,0 0 0 15 0 0 15 1 15 1 10 1 1 1 1 3 3 3 3 3 3 4 4 4 4 4 11 4 4 0 5 5 5 5 5 5 5 5 0 15 3 3 11 8 18 5 18 7 15 5 13 13 17 18 18 0 5 1 7 10 3 3 15 17 13 13 8 11 7 10 18 3 13 17 17 17 8 17 10 7 
p46,9201,2.1,0 1 0 1 0 1 0 0 1 0 0 1 1 1 1 0 0 0 1 1 0 0 0 0 1 0 0 1 1 1 ,28 29 29 29 29 1 29 12 1 1 1 11 11 8 1 3 19 3 14 3 3 14 5 5 5 5 13 13 13 8 8 8 13 13 29 3 3 5 24 28 29 12 19 29 24 14 18 18 29 18 29 27 13 11 24 14 13 18 18 14 18 19 28 18 14 27 14 13 19 12 
p47,6345,4.642,1 1 1 1 1 1 1 1 1 1 ,0 2 0 0 0 0 0 0 0 2 1 1 1 1 2 2 1 2 2 2 2 2 2 2 2 2 2 3 3 3 3 3 3 3 3 4 4 4 4 4 4 4 4 4 4 4 4 5 5 5 5 5 5 5 6 6 6 6 6 6 6 6 7 7 6 7 6 0 7 7 7 7 7 7 8 8 8 8 0 8 8 8 9 2 9 9 9 0 9 9 
p48,8059,3.46,0 1 0 1 1 1 0 0 1 1 0 1 1 1 0 0 1 1 0 1 ,17 1 1 1 4 4 1 1 4 3 4 3 3 3 1 5 4 4 5 4 5 5 5 5 5 9 9 5 5 5 9 9 9 8 9 8 8 8 9 8 9 8 11 11 11 11 8 11 13 17 13 13 13 12 12 16 16 12 16 12 17 16 16 16 16 16 16 17 17 17 17 17 17 19 19 19 19 19 19 19 
p49,8313,2.185,0 1 1 0 1 0 1 1 0 1 0 0 1 0 0 1 0 0 1 1 1 0 0 1 0 0 0 0 1 0 ,6 1 2 4 1 1 6 4 4 4 4 4 2 7 4 6 7 7 7 6 7 7 15 6 9 9 9 12 12 15 15 20 20 15 15 15 18 12 15 18 20 12 20 20 18 19 18 20 23 18 23 18 2 23 23 23 23 23 19 28 19 28 19 1 1 28 1 28 28 28 
p50,9661,6.382,1 1 1 1 1 1 1 1 0 1 ,3 0 3 6 2 1 5 5 3 7 7 4 6 9 9 2 2 5 5 3 0 0 0 4 0 6 7 4 4 7 7 7 3 3 3 5 2 9 0 4 0 9 9 2 2 5 5 5 5 3 3 5 6 4 0 0 9 6 2 2 2 7 7 7 3 3 0 4 7 7 3 0 6 6 0 4 4 3 3 4 3 5 2 9 1 2 1 7 2 7 9 9 1 2 1 2 9 9 9 9 
p51,9289,6.614,1 1 1 0 0 1 1 0 0 0 1 0 1 1 1 1 0 0 1 1 ,19 6 19 10 18 13 5 2 1 1 5 14 12 13 6 13 12 5 2 15 0 0 10 14 14 14 15 19 19 19 5 1 19 19 15 5 13 13 10 10 0 6 13 13 12 5 5 2 5 19 1 5 0 14 10 10 6 6 18 12 13 5 1 5 15 15 10 19 1 1 15 0 0 0 10 19 19 19 19 19 19 5 12 12 18 13 6 2 12 1 13 13 13 18 18 13 13 13 13 13 
p52,10094,6.029,0 1 0 1 1 1 1 1 1 1 ,7 7 7 7 7 7 7 7 3 4 4 4 3 3 4 4 4 8 3 8 8 5 3 3 8 5 1 9 9 9 5 9 9 5 6 6 6 6 6 6 6 6 6 6 7 7 4 8 8 1 5 3 4 6 7 5 3 3 3 4 6 9 5 8 3 5 9 6 4 7 9 6 4 3 3 5 3 4 7 1 6 3 8 5 5 3 3 7 9 3 5 9 9 1 5 1 3 4 3 7 
p53,11256,6.06,0 1 0 1 0 1 1 1 0 1 0 0 1 1 0 1 0 1 1 1 ,5 5 6 5 5 5 5 6 19 7 19 7 19 7 7 7 7 3 13 12 12 13 12 12 3 15 15 9 9 15 15 15 15 9 18 18 18 18 18 18 18 18 18 18 6 6 19 12 12 9 15 3 6 17 5 15 3 3 1 6 18 9 15 12 3 13 9 5 6 5 17 18 6 3 3 15 3 6 6 9 18 19 13 15 15 3 3 6 15 3 15 9 17 17 15 17 1 7 1 5 
p54,9453,6.691,1 0 1 1 1 1 1 1 1 1 ,9 7 2 9 7 2 7 2 2 2 2 2 2 2 2 2 2 2 2 3 3 2 2 3 3 3 3 3 3 3 3 3 3 3 3 3 3 3 3 6 6 6 8 6 8 8 8 8 8 8 8 3 6 6 6 6 6 6 6 6 6 5 5 6 5 5 5 6 6 0 0 6 0 5 7 0 0 0 0 0 0 0 0 4 4 4 4 4 4 4 4 4 4 9 4 9 9 9 9 9 
p55,9931,6.763,1 0 1 0 0 0 1 1 1 1 0 0 0 1 1 1 0 1 1 1 ,17 18 8 18 8 8 17 8 8 17 2 8 18 8 2 2 2 2 8 6 6 14 6 6 2 2 14 6 6 6 6 6 14 6 6 6 6 6 2 7 19 19 19 7 0 0 0 0 0 0 0 6 7 7 7 7 19 7 7 7 9 9 13 7 9 7 9 7 7 13 9 9 9 13 17 13 9 13 9 13 13 15 15 15 15 15 15 15 15 9 15 18 18 18 18 17 18 18 18 18 
p61,34361,52.83,1 1 1 1 1 0 1 1 1 1 1 1 1 1 1 1 1 1 1 1 1 0 1 0 1 1 1 1 1 0 ,18 28 2 2 2 6 15 27 22 17 4 17 20 1 28 18 3 13 22 0 27 24 0 24 10 27 24 14 4 16 19 4 4 24 27 6 20 8 24 24 18 20 6 4 8 19 3 16 19 19 24 16 24 15 8 6 11 9 22 25 4 2 25 8 3 12 2 17 28 25 18 12 19 9 10 13 20 10 8 24 13 0 9 25 26 13 6 0 27 7 28 6 7 25 2 3 11 6 0 11 28 15 12 18 4 2 4 27 22 3 19 4 22 12 12 8 28 7 17 8 14 11 28 4 26 16 2 11 26 17 28 24 25 20 1 9 3 13 28 14 12 22 11 11 11 2 24 15 27 25 24 17 10 0 20 28 2 15 3 13 13 0 10 24 10 27 1 4 3 15 1 20 19 14 26 2 0 10 4 10 2 15 2 19 12 8 28 10 0 2 2 2 6 4 7 12 7 15 10 19 
p62,49836,52.443,1 0 1 0 1 1 1 1 1 0 1 1 1 1 1 1 0 1 1 1 1 1 1 1 1 0 1 1 1 0 ,18 19 0 22 21 12 15 28 22 27 4 28 20 13 28 18 23 20 22 0 7 21 5 24 20 18 27 19 6 2 19 26 4 21 27 6 14 8 22 15 7 20 6 19 8 19 13 21 14 14 27 24 24 15 20 12 11 8 18 7 26 17 7 8 13 11 5 17 19 12 7 12 19 8 10 20 8 5 20 22 10 5 26 7 4 13 4 5 27 7 28 19 7 11 2 13 11 6 0 28 17 15 12 18 26 24 4 24 22 13 26 26 22 12 12 8 28 7 17 8 26 11 17 19 26 21 2 11 4 17 28 24 11 20 23 8 13 13 28 10 12 22 11 11 11 5 24 15 18 7 24 17 10 0 8 11 2 15 13 13 13 27 10 24 5 27 5 4 13 21 5 20 19 10 26 2 0 10 4 10 5 21 2 19 12 8 28 23 0 21 2 21 6 4 7 12 7 15 10 19 
p63,37431,53.753,1 1 1 0 1 0 1 0 1 1 1 1 1 1 1 0 1 1 1 1 0 1 0 1 1 1 1 1 1 1 ,18 6 16 27 2 12 16 17 18 28 4 17 13 1 17 18 1 13 24 27 18 16 13 24 23 18 27 14 29 24 4 26 26 16 24 6 14 8 24 16 18 8 11 29 9 28 10 21 19 14 27 27 21 16 8 19 11 8 18 18 29 0 12 8 13 11 23 17 6 12 18 6 6 9 10 1 8 23 8 16 10 0 9 12 29 13 6 2 24 25 28 4 25 25 0 13 18 6 0 28 28 21 25 18 4 24 29 24 24 13 14 4 27 12 12 8 28 25 17 8 26 11 28 4 26 16 2 11 26 0 28 24 25 10 23 9 1 13 0 10 12 27 12 11 11 2 24 21 27 25 24 17 23 0 8 28 2 16 13 13 13 27 10 2 23 27 23 4 1 21 1 10 19 14 26 2 0 10 29 10 2 21 2 19 12 8 28 23 0 21 2 21 6 4 25 12 25 21 10 19 
p64,26575,52.067,1 0 1 0 1 1 1 1 1 1 1 1 1 1 1 0 0 1 1 1 1 1 1 1 1 1 1 1 1 1 ,18 19 21 24 21 12 2 17 27 27 4 28 13 10 28 7 13 19 22 0 27 2 5 0 14 18 22 14 29 21 19 6 26 21 18 12 20 20 21 21 7 9 6 4 8 28 13 21 19 14 24 22 24 21 8 12 11 9 18 7 4 0 18 20 20 11 23 14 12 7 18 12 19 9 23 23 20 23 20 24 10 0 26 7 29 13 19 5 24 25 28 6 25 25 5 13 11 6 0 28 17 21 11 18 4 0 29 24 22 13 14 4 27 12 12 20 28 7 17 8 26 11 17 19 9 21 2 11 26 17 28 21 25 20 23 20 13 13 28 10 11 22 11 25 25 5 24 21 22 25 24 17 23 0 8 11 2 21 13 13 13 27 10 24 23 27 5 4 23 21 5 20 19 14 26 2 0 10 29 10 5 21 2 19 12 8 28 23 0 21 2 21 6 4 7 12 7 21 10 19 
p65,34473,51.317,1 0 1 1 1 1 1 0 1 0 1 1 1 1 1 0 1 1 1 1 1 1 0 1 0 1 1 1 1 1 ,18 6 2 18 5 27 21 27 0 28 4 28 13 3 6 11 3 13 18 0 27 2 5 21 10 18 27 19 4 21 19 19 19 21 27 6 8 8 27 16 18 20 6 4 8 4 13 21 14 20 0 16 16 16 10 6 25 20 18 25 4 0 18 8 13 11 2 14 19 25 27 12 6 8 10 20 20 23 20 16 10 5 23 25 29 13 6 5 18 18 28 6 25 25 2 3 11 6 17 17 17 16 25 18 4 0 4 27 27 3 19 4 27 12 12 20 28 11 17 8 26 25 0 19 26 21 2 28 19 17 28 2 11 20 23 20 3 13 17 14 12 27 11 11 25 5 16 16 27 25 0 17 23 17 8 11 21 16 3 13 13 27 10 0 5 27 23 4 3 21 5 20 19 14 26 2 0 10 29 10 5 21 2 19 12 8 28 23 0 21 2 21 6 4 25 12 25 21 10 19 
p66,50690,51.18,1 0 1 0 1 1 1 0 0 1 1 1 1 1 1 0 1 1 1 1 1 1 1 1 1 1 1 1 1 0 ,25 19 2 27 21 12 24 27 24 0 26 28 13 23 28 18 17 20 22 0 18 16 23 24 10 18 18 19 4 2 26 19 4 21 28 6 20 9 24 24 18 9 12 4 20 14 20 2 19 14 24 16 24 21 9 6 11 14 22 11 4 17 18 20 13 25 5 14 28 12 11 12 19 20 23 5 20 23 20 24 10 5 9 25 4 13 6 23 27 25 28 6 18 12 0 13 11 6 0 28 28 16 25 18 4 0 26 24 22 13 19 6 27 12 11 20 28 11 17 20 9 11 28 19 26 16 2 11 19 0 11 24 25 20 23 9 13 13 28 10 12 22 12 11 25 5 24 21 27 25 24 17 23 0 20 11 5 16 13 13 13 27 10 24 5 27 5 4 13 21 5 20 19 14 26 2 0 10 4 10 5 21 2 19 12 9 28 23 0 21 2 21 6 4 25 12 25 21 10 19 
p67,39253,52.953,1 0 1 1 1 1 1 1 1 0 1 1 1 1 0 1 1 1 1 1 1 1 0 1 1 1 1 1 1 1 ,27 19 2 17 2 12 15 17 27 28 26 28 10 3 28 11 3 20 16 17 18 24 5 27 8 18 27 19 29 15 19 19 26 21 28 19 20 3 24 15 18 8 6 4 8 26 3 21 19 20 24 16 21 21 8 11 11 26 18 25 4 0 7 8 13 11 2 19 28 11 18 12 19 20 23 10 20 10 20 16 23 0 8 7 29 10 6 5 27 7 19 4 25 25 2 3 27 6 0 28 28 15 12 18 4 0 4 0 27 3 19 4 27 12 12 8 28 7 17 8 19 11 17 19 26 16 2 11 26 17 28 21 25 20 23 20 3 3 28 0 12 18 11 11 25 5 24 15 27 25 24 17 23 0 8 11 2 15 3 13 13 27 10 24 5 27 5 4 3 2 23 13 6 0 26 2 0 10 29 10 5 21 2 19 12 8 28 23 0 21 2 21 6 4 7 12 7 15 10 19 
p68,26452,51.886,1 0 1 1 1 1 1 1 0 1 1 1 1 1 1 0 1 1 0 1 1 1 1 1 1 1 1 1 1 0 ,7 19 24 27 21 12 16 27 22 27 4 17 10 13 11 11 13 10 24 0 27 16 5 0 10 11 22 19 26 2 6 19 4 24 0 6 10 20 16 16 7 9 6 26 9 26 3 21 19 19 2 27 24 16 9 12 11 9 22 7 4 27 7 20 3 11 5 14 6 12 7 12 26 9 23 23 13 10 20 16 10 0 9 7 4 20 4 5 27 7 28 19 25 25 2 3 11 6 17 17 28 16 12 25 4 2 4 27 22 13 19 4 27 6 12 20 28 25 14 20 26 11 17 6 26 16 2 11 26 0 28 24 25 20 23 9 3 3 28 10 12 22 11 11 25 5 16 21 27 25 24 17 23 0 20 11 2 16 13 13 13 27 10 24 5 27 5 4 3 21 5 20 19 14 26 2 0 10 4 10 5 21 2 19 12 9 28 23 0 21 2 21 6 4 7 12 7 21 10 19 
p69,35383,53.413,1 0 1 1 1 1 1 1 1 1 1 1 1 1 1 1 1 1 0 1 1 1 1 1 1 1 1 0 1 1 ,7 6 21 2 2 12 21 0 7 17 4 28 23 5 28 7 3 20 22 28 24 16 13 24 23 25 24 14 29 2 19 26 19 16 28 6 3 8 24 22 7 8 6 26 8 19 13 2 28 14 24 16 24 16 20 11 7 9 22 25 29 17 7 8 13 25 5 17 14 25 22 25 6 8 23 23 10 5 14 24 23 0 9 25 29 10 6 2 24 7 28 6 25 25 2 3 11 6 17 28 17 15 25 25 4 0 4 21 22 3 19 4 22 6 12 8 28 7 17 8 26 11 17 19 9 16 2 11 26 17 28 24 25 20 23 9 3 13 17 10 12 22 11 11 25 5 24 15 22 25 24 17 23 0 8 11 2 15 3 13 13 0 20 24 5 24 5 4 3 21 5 20 19 14 26 2 0 10 29 10 5 21 2 19 12 8 28 23 0 21 2 21 6 4 7 12 7 15 10 19 
p70,50826,51.292,1 1 1 0 1 1 1 1 1 0 1 1 1 1 1 0 1 1 1 1 1 0 0 1 1 1 1 1 1 0 ,18 6 2 27 5 12 16 0 18 28 4 28 13 1 28 18 10 20 27 27 27 16 2 27 23 18 24 28 4 2 19 19 19 16 27 6 20 8 16 16 11 26 6 26 8 26 13 24 19 20 24 27 0 16 20 12 11 8 18 7 4 0 25 14 13 12 2 14 6 25 18 12 19 8 13 13 10 10 8 27 23 0 8 25 4 13 6 5 24 7 28 12 25 25 2 13 27 6 5 28 28 16 25 18 4 0 4 27 27 13 19 4 24 12 28 8 28 7 17 8 14 11 17 19 4 16 2 12 26 0 28 24 25 20 23 8 1 13 28 10 12 27 6 11 25 23 24 16 18 25 27 17 23 0 8 11 5 2 13 13 13 27 10 24 5 27 5 4 1 2 1 20 19 14 26 2 0 10 4 20 5 16 2 19 12 8 28 23 0 2 2 2 6 4 7 12 7 2 10 19 
p71,39417,51.519,1 0 1 0 1 1 1 1 1 1 1 1 1 1 1 1 1 1 1 1 1 1 1 1 1 1 0 1 1 0 ,27 28 21 24 2 6 15 28 22 24 4 28 10 13 6 18 13 10 24 0 18 16 5 24 10 18 27 14 4 2 19 6 4 21 27 6 8 8 24 24 7 9 6 4 20 19 8 0 19 14 24 24 2 16 9 12 18 9 11 25 4 2 7 14 20 11 5 17 28 7 18 12 19 9 23 23 20 23 8 16 23 0 14 25 4 10 19 23 27 7 11 6 25 11 2 13 11 6 0 28 28 15 25 18 4 0 4 24 22 20 19 4 27 12 12 8 28 7 28 8 14 11 28 14 9 16 21 11 19 17 11 21 11 20 5 9 13 13 28 14 12 22 11 11 25 5 24 15 27 25 24 17 23 17 8 11 2 15 13 13 13 27 10 2 5 27 5 4 13 21 5 8 19 14 4 2 0 10 4 20 5 21 2 19 12 8 28 23 0 21 2 21 6 4 7 12 7 15 10 19 
